Probe,poly_N,Barcode_forward,specific_forward_primer,poly_N_rev,Barcode_reverse,specific_reverse_primer
02Dorn247_A,,,TCCATTGCGTCAACCGTTAT,,,TGCCAATGGAAGTTTCGTGA
01Dorn247_A,,,TCCATTGCGTCAACCGTTAT,,,TGCCAATGGAAGTTTCGTGA
02Dorn276_A,,,TACCGCATCCTTATTCGAGC,,,TTTCATTGGCTTGCACCAGA
01Dorn276_A,,,TACCGCATCCTTATTCGAGC,,,TTTCATTGGCTTGCACCAGA
02Dorn429_A,,,TCCTGCTTGCGTTAAATGGA,,,TGCCAATAAGTCTTGCGGAA
01Dorn429_A,,,TCCTGCTTGCGTTAAATGGA,,,TGCCAATAAGTCTTGCGGAA
02MOSLA_A,,,AATGTCGAAGAAAGCCGGTT,,,ACCGTGCTTCAAACCGAATT
01MOSLA_A,,,AATGTCGAAGAAAGCCGGTT,,,ACCGTGCTTCAAACCGAATT
02ent_A,,,AAGGCAAGTTGTTACCAGCA,,,TGCGACCGTAATCAAACCAA
01ent_A,,,AAGGCAAGTTGTTACCAGCA,,,TGCGACCGTAATCAAACCAA
